,0
0,Business Name
1,Email
2,Phone Number
3,Website
4,Email Verfication
5,  'Rowell & Family HVAC, LLC', 'rowellfamilyhvac@gmail.com', '781-243-0718', 'N/A', 'Verified' 
6,  'CSP Plumbing & Heating', 'cspplumbingandheating@gmail.com', '7936690652', 'N/A', 'Verified' 
7,  'Thiel Heating and Cooling - Macon GA AC Repair', 'thielheatingandcooling@gmail.com', '(478) 973-2886', 'N/A', 'Verified' 
8,  'Major League HVAC', 'majorleaguehvac21@gmail.com', 'N/A', 'www.majorleagueair.com', 'Verified' 
9,  'Watson and Clayton Heating & Cooling', 'watsonclaytonhvac@gmail.com', 'N/A', 'N/A', 'Verified' 
10,  'RF Plumbing & Heating', 'rfplumbingoffice@gmail.com', '7702278186', 'N/A', 'Verified' 
11,  ""Khan's Cooling Solution"", 'khanscoolingsolution@gmail.com', 'N/A', 'N/A', 'Verified' 
12,  'June Pearl Photography', 'junepearlphotography@gmail.com', 'N/A', 'junepearlphotography.com', 'Verified' 
13,  'Platinum Heating and Air LLC', 'platinumheatingandair@gmail.com', '770-851-8455', 'N/A', 'Verified' 
14,  'Mengis Heating & Cooling LLC', 'mengishvac@gmail.com', '9714091805', 'N/A', 'Verified' 
15,  'Philippines HVAC Technician', 'kg.obmerga08@gmail.com', 'N/A', 'N/A', 'Verified' 
16,  ""Ell's cool air"", 'cool.air@gmail.com', 'N/A', 'N/A', 'Verified' 
17,  'Thomson Plumbing & Heating', 'heating@gmail.com', 'N/A', 'N/A', 'Verified' 
18,  'Caliber Heating & Cooling LLC', 'caliberhvac101@gmail.com', '610-568-2278', 'N/A', 'Verified' 
19,  'Spartan Heating, Cooling and Fireplaces', 'spartanhcandf@gmail.com', '(319) 391-4817', 'N/A', 'Verified' 
20,  'J Elliott Heating and Air', 'jmelliotthvacnominations@gmail.com', 'N/A', 'N/A', 'NOT VERIFIED' 
21,  'Gencool HVAC Mechanical Corporation', 'gencoolinfo@gmail.com', 'N/A', 'N/A', 'Verified' 
22,  'Cool Air Spot', 'coolairspot@gmail.com', 'N/A', 'coolairspot.com', 'Verified' 
23,  'Unicoi County Animal Shelter', 'unicoicountyanimalshelter@gmail.com', 'N/A', 'N/A', 'Verified' 
24,  'Multitask Technical Services LLC', 'multitasktechllc@gmail.com', 'N/A', 'N/A', 'Verified' 
25,  ""Barron's Refrigeration & Heating LTD."", 'barrons.rhltd@gmail.com', 'N/A', 'N/A', 'Verified' 
26,  'HVAC Technology', 'hvact.mh@gmail.com', '089 545 2765', 'N/A', 'Verified' 
27,  ""Good's Plumbing"", 'goodsplumbing11@gmail.com, danielle4goods@gmail.com', '724-864-6038', 'N/A', 'NOT VERIFIED' 
28,  'Brown Heating & Cooling INC.', 'brownhvac@gmail.com', 'N/A', 'N/A', 'Verified' 
29,  'Comfortech Heating & Cooling, LLC', 'comfortechky@gmail.com', '270-993-2357', 'www.comfortechky.com', 'Verified' 
30,  'MD Super Tech HVACR & Plumbing Services LLC', 'mdsupertechhvacr@gmail.com', '(267) 883-4065', 'N/A', 'Verified' 
31,  'Comfort Home Heating And Cooling LLC', 'comforthomeheatingandcooling@gmail.com', '(+1) 484-846-8868', 'comforthomeheatingandcooling.com', 'Verified' 
32,  'Cisco Heating and Cooling Pros LLC', 'ciscoheatingandcooling@gmail.com', '203-535-6677', 'ciscoheatingandcoolingpros.com', 'Verified' 
33,  'D.Glick HVAC LLC', 'danielglick26@gmail.com', '7179893320', 'N/A', 'Verified' 
34,  'T & C Heating and Cooling LLC', 'tc.heatingcoolingllc.fl@gmail.com', '850-202-6873', 'N/A', 'Verified' 
35,  '**ELITE HVAC', 'elitehvactn@gmail.com', 'N/A', 'N/A', 'Verified' 
36,  'Air Services Heating, Cooling, Plumbing & Electrical', 'airservices.allservice@gmail.com', 'N/A', 'N/A', 'Verified' 
37,  'Dr HVAC Inc.', 'doctor.hvacinc@gmail.com', '703-869-9524', 'drhvacinc.com', 'Verified' 
38,  'Spartan Heating, Cooling and Fireplaces', 'spartanhcandf@gmail.com', '319-391-4817', 'N/A', 'Verified' 
39,  'Greer Enterprises', 'greergastechs@gmail.com', '603-231-6082', 'greergastechs.com', 'Verified' 
40,  'DC Plumbing and Heating', 'dcplumbingandheatinguk@gmail.com', '7710255353', 'N/A', 'Verified' 
41,  'Target Plumbing & Heating', 'info.targetph@gmail.com', '306-384-3344', 'N/A', 'Verified' 
42,  'Climate Masters', 'climatemastersatl@gmail.com', '770-736-0015', 'N/A', 'Verified' 
43,  'Texoma Air Pros Heating, Air Conditioning & Plumbing', 'texoma.airpros@gmail.com', '580-490-9980', 'N/A', 'Verified' 
44,  'KML Heating & Air', 'kmlheatingandair@gmail.com', '352-737-1850', 'kmlheatingandair.com', 'Verified' 
45,  'JD Cooling Solutions', 'jdcoolingsolutions@gmail.com', '7702082063', 'N/A', 'Verified' 
46,  'Zuvers Heating, Cooling & Mechanical', 'zuvershvac@gmail.com', 'N/A', 'N/A', 'NOT VERIFIED' 
47,  'Duke HVAC', 'dukehvac613@gmail.com', '613-316-8314', 'N/A', 'Verified' 
48,  'Parkers Heating & Air', 'parkershvacnwa@gmail.com', '479-233-3967', 'N/A', 'Verified' 
49,  ""Guitreau's Heating & Air LLC"", 'mcguitreau@gmail.com', 'N/A', 'N/A', 'Verified' 
50,  'jb hvac service', 'jbhvac@gmail.com', '704-619-3162', 'N/A', 'Verified' 
51,  'Flo-Rite Air Conditioning and Heating', 'anthonycordero981@gmail.com', 'N/A', 'N/A', 'Verified' 
52,  'One Hour Heating & Air Conditioning', 'dispatch1hour@gmail.com', 'N/A', 'N/A', 'Verified' 
53,  ""Scott Johnson's Plumbing & Heating Services"", 'sjplumbingservices74@gmail.com', '07717 507779', 'N/A', 'Verified' 
54,  'JSI', 'justsplitittexas@gmail.com', '682-966-5554', 'N/A', 'Verified' 
55,  'Comfort Zone AC and Heating Services LLC', 'byron.reynolds225@gmail.com', '225-221-9757', 'N/A', 'Verified' 
56,  'Rowell & Family HVAC, LLC', 'rowellfamilyhvac@gmail.com', '781-243-0718', 'N/A', 'Verified' 
57,  'CSP Plumbing & Heating', 'cspplumbingandheating@gmail.com', '7936690652', 'N/A', 'Verified' 
58,  'Thiel Heating and Cooling - Macon GA AC Repair', 'thielheatingandcooling@gmail.com', '478-973-2886', 'N/A', 'Verified' 
59,  'Major League HVAC', 'majorleaguehvac21@gmail.com', '443-521-7346', 'majorleagueair.com', 'Verified' 
60,  'Watson and Clayton Heating & Cooling', 'watsonclaytonhvac@gmail.com', 'N/A', 'N/A', 'Verified' 
61,  'RF Plumbing & Heating', 'rfplumbingoffice@gmail.com', '7702278186', 'N/A', 'Verified' 
62,  'Brown Heating & Cooling INC.', 'brownhvac@gmail.com', 'N/A', 'N/A', 'Verified' 
63,  'D4 Plumbing & Heating', 'd4plumbingheating@gmail.com', 'N/A', 'N/A', 'Verified' 
64,  'Master Cooling Installations & Projects', 'mastercoolinginstallations@gmail.com', '069 587 1570', 'N/A', 'Verified' 
65,  'Miars Plumbing and Heating', 'miars.gas@gmail.com', '07748 145750', 'N/A', 'Verified' 
66,  'Tierney Heating & Plumbing', 'tierneyheating.plumbing@gmail.com', '07507 463309', 'N/A', 'Verified' 
67,  'Cahsgas', 'cahs.gas@gmail.com', '07379 917127', 'www.cahs-gas.com', 'Verified' 
68,  'Scott Plumbing & Heating Co Inc', 'scottplbghvac1@gmail.com', '252-745-5135', 'scottph.com', 'Verified' 
69,  'Shamrock Mechanical Solutions Inc.', 'applyatshamrock@gmail.com', 'N/A', 'N/A', 'Verified' 
70,  ""Duncan's Air Conditioning & Heating, Inc"", 'duncansair@gmail.com', '407-470-7014', 'N/A', 'Verified' 
71,  'BR Plumbing and Heating Solutions', 'bradleyraineplumbing@gmail.com', '7415886420', 'N/A', 'Verified' 
72,  'Zuvers Heating, Cooling & Mechanical', 'zuvershvac@gmail.com', 'N/A', 'N/A', 'NOT VERIFIED' 
73,  'Ace Cooling Ltd.', 'aacecooling@gmail.com', '344-4890', 'N/A', 'Verified' 
74,  'A.M Solutions', 'amsolutions868@gmail.com', '(868) 726-0027', 'N/A', 'Verified' 
75,  'A to W Plumbing and Heating LLC', 'atowplumbing@gmail.com', '774-279-9086', 'N/A', 'Verified' 
76,  'Genoa City Heating & Cooling Inc.', 'genoacityheating@gmail.com', '262-279-6545', 'genoacityheating.com', 'Verified' 
77,  'Dr HVAC Inc.', 'doctor.hvacinc@gmail.com', '703-869-9524', 'drhvacinc.com', 'Verified' 
78,  'Souhegan Valley Heating & Air Conditioning', 'souheganvalleyhvac@gmail.com', '603-769-9344', 'N/A', 'Verified' 
79,  'Alpine AC Heating & Sheetmetal', 'alpineheatingorofino@gmail.com', 'N/A', 'alpineheatingorofino.com', 'Verified' 
80,  'Hayes Plumbing & Heating', 'hayesdcg2020@gmail.com', '7984686574', 'N/A', 'Verified' 
81,  'Hayes Plumbing & Heating', 'hayesdcg2020@gmail.com', 'N/A', 'N/A', 'Verified' 
82,  'Korycki Mechanical Inc', 'koryckimechanical@gmail.com', 'N/A', 'N/A', 'Verified' 
83,  'BCRC Heating and Cooling', 'bcrc.p.h@gmail.com', '6047817272', 'N/A', 'Verified' 
84,  'A&K Heating and Air Conditioning LLC', 'akhvacllc@gmail.com', '(919) 426-2845', 'N/A', 'Verified' 
85,  'Koryn Hawthorne', 'bookingkoryn@gmail.com', 'N/A', 'N/A', 'Verified' 
86,  'B&Z Heating and Air', 'bzheatandair@gmail.com', '(385) 831-0553', 'N/A', 'Verified' 
87,  'D&D Heating and Air Conditioning', 'ddheatingandac1999@gmail.com', 'N/A', 'N/A', 'Verified' 
88,  'Bengal A/C & Heating', 'bengalac60@gmail.com', 'N/A', 'N/A', 'Verified' 
89,  'AAA Heating, Air and Electrical', 'aaa.705elberta@gmail.com', '478-922-8462', 'N/A', 'Verified' 
90,  'Yams HVAC - Cooling and Heating', 'customers.yamshvac@gmail.com', '431-276-6576', 'www.yamsheatingandcooling.com', 'Verified' 
91,  'Andy Gahan Plumbing and Heating', 'diysosennis@gmail.com', 'N/A', 'N/A', 'Verified' 
92,  'Hatco-Hvac', 'hatcohvac@gmail.com', '416-528-8967', 'N/A', 'Verified' 
93,  'Nova Heating and Air Conditioning', 'novaheatandairlaura@gmail.com', 'N/A', 'N/A', 'Verified' 
94,  'Gig Harbor Heating & A/C', 'gigharborheat@gmail.com', 'N/A', 'N/A', 'Verified' 
95,  'Optimal Heating and Cooling, LLC', 'optimalheatingandcoolingllc@gmail.com', 'N/A', 'N/A', 'Verified' 
96,  'Ranucci & Sons HVAC LLC.', 'ranuccisonshvac@gmail.com', 'N/A', 'N/A', 'Verified' 
97,  'Buck Electric, LLC', 'buckelectricllc@gmail.com', '203 906 8338', 'N/A', 'Verified' 
98,  'Panther Heat and Air', 'pantherheatandair@gmail.com', '(539) 237-0415', 'N/A', 'Verified' 
99,  'CRANBROOK, BC', 'diversefamilyroots@gmail.com', 'N/A', 'N/A', 'Verified' 
100,  'Speranza Development, Construction and Consulting', 'speranzadevelopment@gmail.com', 'N/A', 'N/A', 'Verified' 
101,  'True Aire Aircon & Electrical Supply', 'trueairecebu.sales01@gmail.com', 'N/A', 'N/A', 'Verified' 
102,  'Goodfellas HVAC', 'goodfellashvacr@gmail.com', '(814)-360-7275', 'N/A', 'Verified' 
103,  ""Buie's Heating and Air LLC"", 'buiesheatingandair@gmail.com', '(865)-360-0386', 'N/A', 'Verified' 
104,  'Cool Breeze, Inc.', 'cbihvac@gmail.com', '205-444-3155', 'N/A', 'Verified' 
105,  'P&W Heating and Cooling', 'hvac@gmail.com', 'N/A', 'N/A', 'NOT VERIFIED' 
106,  ""Brewer's HVAC Solutions Inc."", 'brewershvacsolutions@gmail.com', '(506) 460-7334', 'N/A', 'Verified' 
107,  'Burroughs Heat and Air', 'burroughshvac@gmail.com', '(912) 352-3272', 'burroughshvac.com', 'Verified' 
108,  'Essential Plumbing & Heating Services LLC', 'heating@gmail.com', 'N/A', 'N/A', 'Verified' 
109,  'Resilience Heating and Cooling, LLC', 'resiliencehvac@gmail.com', '512-994-9692', 'resiliencehvac.com', 'Verified' 
110,  'Philippines HVAC Technician', 'rcaccorp.hr@gmail.com', 'N/A', 'N/A', 'Verified' 
111,  'SWAT Heating & Air', 'swatheatingandair@gmail.com', '(803) 606-1365', 'swatheatingairllc.com', 'Verified' 
112,  'Reassurance Plumbing, Heating & Cooling', 'reassuranceph@gmail.com', '603-738-9311', 'N/A', 'NOT VERIFIED' 
113,  'Rockys Plumbing & Heating LTD.', 'evan.rockysplumbing@gmail.com', 'N/A', 'N/A', 'Verified' 
114,  'All Source Plumbing & Mechanical', 'allsourceplumbing@gmail.com', '701-609-1403', 'N/A', 'Verified' 
115,  'K-T Heating & Air Conditioning HVAC', 'ktheating234@gmail.com', 'N/A', 'N/A', 'Verified' 
116,  'Peppers Heating and Air Conditioning Service, Inc.', 'peppershvac@gmail.com', '770-483-1282', 'N/A', 'Verified' 
117,  'T. L. Myers Heating and Air Conditioning', 'tlmyershvac@gmail.com', '765-659-3171', 'N/A', 'Verified' 
118,  'A&K Heating and Air Conditioning LLC', 'akhvacllc@gmail.com', '(919) 426-2845', 'N/A', 'Verified' 
119,  'Hayes Plumbing & Heating', 'hayesdcg2020@gmail.com', '7984686574', 'N/A', 'Verified' 
120,  'T & C Heating and Cooling LLC', 'tc.heatingcoolingllc.fl@gmail.com', '850-202-6873', 'www.tchvacr.com', 'Verified' 
121,  'Ocean Creek Resort, North Myrtle Beach', 'ventscleaning18@gmail.com', 'N/A', 'N/A', 'Verified' 
122,  'EZ Comfort Air Conditioning & Heating LLC', 'ezcomfortac@gmail.com', '832-777-0136', 'ezcomfortac.com', 'Verified' 
123,  ""John's Plumbing Heating & Cooling"", 'johnsplbg16@gmail.com', 'N/A', 'N/A', 'Verified' 
124,  'Apostolic Heating & Cooling LLC', 'apostolichvac@gmail.com', '937-637-6046', 'apostolichvac.com', 'Verified' 
125,  'DLM Air Conditioning Services', 'dlmairconditioning@gmail.com', 'N/A', 'N/A', 'Verified' 
126,  'Hatco-Hvac', 'hatcohvac@gmail.com', '416-528-8967', 'N/A', 'Verified' 
127,  ""Millie's Bruncheonette"", 'milliesbrunch@gmail.com', 'N/A', 'N/A', 'Verified' 
128,  'Icebound Air Conditioning', 'iceboundairconditioning@gmail.com', '0481 065 645', 'N/A', 'Verified' 
129,  'Andrews Refrigeration & Air Conditioning Services', 'andrewsrefrigeration@gmail.com', '456-5977', 'N/A', 'Verified' 
130,  'Midwest Mini Tractor Company', 'myronhmt@gmail.com', '574-536-2894', 'N/A', 'Verified' 
131,  'Tracey K Mitchell', 'traceykmitchell68@gmail.com', 'N/A', 'N/A', 'Verified' 
132,  'Authority Plumbing, Heating and Air', 'authoritypha@gmail.com', '714-485-6031', 'authoritypha.com', 'Verified' 
133,  'Stevens Heating & Cooling, LLC', 'stevensheatingandcooling@gmail.com', 'N/A', 'N/A', 'Verified' 
134,  'Dr HVAC Inc.', 'doctor.hvacinc@gmail.com', 'N/A', 'N/A', 'Verified' 
135,  'Rego Electric, Heating and Cooling', 'regoservicesnow@gmail.com', '5088379464', 'N/A', 'Verified' 
136,  'Coolmax Ltd', 'coolmaxltd2016@gmail.com', 'N/A', 'N/A', 'Verified' 
137,  'Reliable HVACR', 'thehvacknights@gmail.com', 'N/A', 'N/A', 'Verified' 
138,  'D. Martinelli Plumbing, Heating & Air Conditioning', 'officedmartinelli@gmail.com', 'N/A', 'N/A', 'Verified' 
139,  'Fritz Family Plumbing and Heating', 'fritzfamilyplumbing@gmail.com', 'N/A', 'N/A', 'Verified' 
140,  'Southern Charm HVAC', 'souterncharmhvac@gmail.com', '720-610-5152', 'N/A', 'NOT VERIFIED' 
141,  'JJ Heating & Cooling Company', 'jjheatingcoolingcompany@gmail.com', '410-575-1551', 'N/A', 'Verified' 
142,  'Aussie Rescue Networking Group - Santa Barbara', 'dogadopt21@gmail.com', 'N/A', 'N/A', 'Verified' 
143,  'M&M HVAC Construction Services, Inc.', 'mandmhvacconstruction@gmail.com', '252-232-1287', 'N/A', 'Verified' 
144,  'MiNi Set 4 LIMITED EDITION', 'humourink@gmail.com', 'N/A', 'N/A', 'Verified' 
145,  'Hometown Heating & Cooling LLC', 'hometownheating@gmail.com', 'N/A', 'N/A', 'Verified' 
146,  'Ronnie Maier Heating & Air Conditioning, LLC', 'ronniemaier888@gmail.com', 'N/A', 'N/A', 'Verified' 
147,  'Harris Boyz Heating and Air Conditioning', 'harrisboyzheatingandair@gmail.com', '319-591-1962', 'N/A', 'Verified' 
148,  'Fong and Sullivan Heating & Cooling', 'fongsullivanhvac@gmail.com', 'N/A', 'fongsullivanhvac.com', 'Verified' 
149,  'Duct Headz Heat Pump Cleaning', 'ductheadz@gmail.com', '902-488-2662', 'N/A', 'Verified' 
150,  'Spiritual Hub', 'ductventcleaner09@gmail.com', '727-902-1734', 'N/A', 'Verified' 
151,  'Flame & Faucet Plumbing & Heating', 'flameandfaucet@gmail.com', 'N/A', 'N/A', 'Verified' 
152,  'Flame & Faucet Plumbing & Heating', 'flameandfaucet@gmail.com', 'N/A', 'N/A', 'Verified' 
153,  'Air Kings Heating and Air', 'airkingshvac@gmail.com', '919-754-7644', 'airkings-hvac.com', 'Verified' 
154,  'JJ Heating & Cooling Company', 'jjheatingcoolingcompany@gmail.com', '410-575-1551', 'N/A', 'Verified' 
155,  'Cooling the Coast HVAC Solutions', 'coolingthecoasthvac@gmail.com', 'N/A', 'N/A', 'Verified' 
156,  'Midwest Mini Tractor Company', 'myronhmt@gmail.com', '574-536-2894', 'N/A', 'Verified' 
157,  'HOUTS HVAC', 'houtshvac@gmail.com', '616-643-7204', 'houtshvac.com', 'Verified' 
158,  'Comptois Plumbing and Heating', 'comptoisplumbing@gmail.com', '774-276-2136', 'N/A', 'Verified' 
159,  'Long Life Boilers Mfg. Co.', 'longlifeboilers@gmail.com', 'N/A', 'N/A', 'Verified' 
160,  'Super Cool Mechanical, Heating & Cooling', 'supercoolmechanical@gmail.com', '570-534-0021', 'N/A', 'Verified' 
161,  'Freeline Maintenance & Cleaning Services LLC', 'jobsfreeline@gmail.com', 'N/A', 'N/A', 'Verified' 
162,  'Midwest Mini Tractor Company', 'myronhmt@gmail.com', '574-536-2894', 'N/A', 'Verified' 
163,  'M Price Plumbing & Heating Limited', 'localplumber2001@gmail.com', 'N/A', 'N/A', 'Verified' 
164,  'Falconer Plumbing and Heating Ltd', 'falconerplumbingandheating@gmail.com', '07511 491776', 'N/A', 'Verified' 
165,  'Quiet Corners Mechanical Services LLC', 'quietcornersmech118@gmail.com', 'N/A', 'N/A', 'Verified' 
166,  'Hatco-Hvac', 'hatcohvac@gmail.com', '416-528-8967', 'N/A', 'Verified' 
167,  'Kings Mountain Connections', 'airductpro011@gmail.com', 'N/A', 'N/A', 'Verified' 
168,  ""Moore's Heating and Air Conditioning"", 'mooreshvacohio@gmail.com', 'N/A', 'N/A', 'Verified' 
169,  ""Scott Johnson's Plumbing & Heating Services"", 'sjplumbingservices74@gmail.com', '07717 507779', 'N/A', 'Verified' 
170,  ""Riley's Heating & Cooling"", 'rileysheatingandcooling@gmail.com', '717-798-4354', 'rileysheatingandcoolingsolutions.com', 'Verified' 
171,  'Andy Gahan Plumbing and Heating', 'andygahanplumbingandheating@gmail.com', 'N/A', 'N/A', 'Verified' 
172,  'Glasgow Heating and Air Conditioning, Inc.', 'glasgowhvac7256@gmail.com', 'N/A', 'N/A', 'Verified' 
173,  'NGT Heating & Plumbing Ltd.', 'ngtheating@gmail.com', 'N/A', 'N/A', 'Verified' 
174,  'Infinite Heating & Cooling LLC', 'laurie.ihac@gmail.com', 'N/A', 'N/A', 'Verified' 
175,  'Bandera jobs and things', 'airventcleaning3@gmail.com', 'N/A', 'N/A', 'Verified' 
176,  ""Brandt's Heating Cooling & Electrical"", 'brandtsheating@gmail.com', 'N/A', 'N/A', 'Verified' 
177,  'FurBabies Animal Rescue', 'furbabiesadopt@gmail.com', 'N/A', 'N/A', 'Verified' 
178,  'Long Life Boilers Mfg. Co.', 'longlifeboilers@gmail.com', 'N/A', 'N/A', 'Verified' 
179,  ""Scott Johnson's Plumbing & Heating Services"", 'sjplumbingservices74@gmail.com', '7717507779', 'N/A', 'Verified' 
180,  'BEKO AIRCONDITIONERS (Turkish) - Cesar Enterprise Ltd', 'cesarenterpriseltd@gmail.com', 'N/A', 'N/A', 'Verified' 
181,  'DH Heating Solutions - Plumbing, Heating, Air Con & Renewables', 'dhheatingsolutions@gmail.com', '7791786665', 'N/A', 'Verified' 
182,  'Blue Ice Air Conditioning Services', 'blueiceairconditioning@gmail.com', 'N/A', 'N/A', 'Verified' 
183,  ""Lion's Plumbing and Heating"", 'lionsphc@gmail.com', '(240) 774-1594', 'lionsphc.com', 'Verified' 
184,  ""White's Heating & A/C"", 'whitesheating.ac@gmail.com', '843-814-7490', 'N/A', 'Verified' 
185,  'Zone Tech hvac', 'zonetechac@gmail.com', '678-437-6161', 'zonetechservices.com', 'Verified' 
186,  'Apostolic Heating & Cooling LLC', 'apostolichvac@gmail.com', '937-637-6046', 'apostolichvac.com', 'Verified' 
187,  'Total Assurance A/C & Heating', 'totalassuranceac.hr@gmail.com', 'N/A', 'N/A', 'Verified' 
188,  'Capitol Heating and Air, LLC', 'capitolheatingandair@gmail.com', '610-901-3761', 'capitol-hvac.com', 'Verified' 
189,  'Clinton County Indiana 4-H', 'cbrant1123@gmail.com', 'N/A', 'N/A', 'Verified' 
190,  'ESR Heating, Cooling and Refrigeration', 'esrheatingandcooling@gmail.com', '816-288-9860', 'N/A', 'Verified' 
191,  'Authority Plumbing, Heating and Air', 'authoritypha@gmail.com', 'N/A', 'authoritypha.com', 'Verified' 
192,  'Samantha Paap Photography', 'shyan.peterson@gmail.com', 'N/A', 'N/A', 'Verified' 
193,  'Hatco HVAC', 'hatcohvac@gmail.com', '416-528-8967', 'N/A', 'Verified' 
194,  'Station Blue Photography', 'stationbluephotography@gmail.com', 'N/A', 'stationbluephotography.com', 'Verified' 
195,  ""D'Auria & Son Heating and Air Conditioning"", 'dauriahvacoffice@gmail.com', '856-257-1092', 'N/A', 'Verified' 
196,  'Briarwood Heating and Cooling, LLC', 'briarwoodheatingcooling@gmail.com', '248-299-8126', 'N/A', 'Verified' 
197,  'Brantley Heating and Air Conditioning Beckley', 'brantleyhvac@gmail.com', '681-220-0734', 'N/A', 'Verified' 
198,  ""Mother's Day Minis 4-13!"", 'littleelephantstudio1@gmail.com', 'N/A', 'N/A', 'Verified' 
199,  ""Ell's cool air"", 'cool.air@gmail.com', 'N/A', 'N/A', 'Verified' 
200,  'Superior Heating & Cooling', 'superiorpolarair@gmail.com', 'N/A', 'N/A', 'Verified' 
201,  'AIRCON TECH / HVAC TECH', 'airconrefservices@gmail.com', 'N/A', 'N/A', 'Verified' 
202,  ""Scott Johnson's Plumbing & Heating Services"", 'sjplumbingservices74@gmail.com', '07717 507779', 'N/A', 'Verified' 
203,  'Copper Canyon-Doodles', 'coppercanyondoodles@gmail.com', '435-592-4050', 'N/A', 'Verified' 
204,  'Tessa June Photography', 'tessajunephoto@gmail.com', 'N/A', 'N/A', 'Verified' 
205,  'McClain Heating & Air', 'mcclainheatingandairllc@gmail.com', '214-586-3544', 'N/A', 'Verified' 
206,  'Climate Masters', 'climatemastersatl@gmail.com', 'N/A', 'N/A', 'Verified' 
207,  'American Home Services - HVAC', 'ahsservicedept@gmail.com', 'N/A', 'N/A', 'Verified' 
208,  'Mini market Αμβρόσιος', 'koresofporos@gmail.com', 'N/A', 'N/A', 'Verified' 
209,  'Sona Heating & Air Conditioning', 'sonaheating@gmail.com', '902-830-8094', 'N/A', 'Verified' 
210,  'A1 Plumbing Electrical Heating & Cooling', 'a1plumbingelectricalhvac@gmail.com', '607-386-9933', 'N/A', 'Verified' 
211,  'Sterrett Alabama - Duct Cleaning', 'ductcleaning990@gmail.com', 'N/A', 'N/A', 'Verified' 
212,  'Collins Heating & Cooling LLC', 'collinshvacmidland@gmail.com', 'N/A', 'collinshvacmidland.com', 'NOT VERIFIED' 
213,  'JJ Heating & Cooling Company', 'jjheatingcoolingcompany@gmail.com', '410-575-1551', 'N/A', 'Verified' 
214,  'NEO MINIacs', 'neominiacs@gmail.com', 'N/A', 'N/A', 'Verified' 
215,  'Industrial Heaters Manufacturers', 'suryaheatingproductup661109@gmail.com', '7412854303', 'N/A', 'NOT VERIFIED' 
216,  'Edd Leigh Air Conditioning, Heating, Plumbing', 'hvac.plumbing.co@gmail.com', 'N/A', 'N/A', 'Verified' 
217,  'Julie Linz Photography', 'julielinzphotos@gmail.com', 'N/A', 'N/A', 'Verified' 
218,  'Bella Blue Photography', 'bellabluect@gmail.com', 'N/A', 'N/A', 'Verified' 
219,  'It Takes Two Farm', 'ittakestwofarm@gmail.com', 'N/A', 'N/A', 'Verified' 
220,  'Chris Giannone Plumbing and Heating & Cooling LLC', 'chris.giannone586@gmail.com', 'N/A', 'N/A', 'Verified' 
221,  'Erica Robin Art', 'ericawexlerart@gmail.com', 'N/A', 'N/A', 'Verified' 
222,  'Chris Giannone Plumbing and Heating & Cooling LLC', 'chris.giannone586@gmail.com', 'N/A', 'N/A', 'Verified' 
223,  'Lynn Laumann Photography', 'lynnlaumann@gmail.com', 'N/A', 'N/A', 'Verified' 
224,  'Jesse Cabungcal Photography', 'jcabungcalphoto@gmail.com', '(614) 296-1748', 'www.jessecabungcalphotography.com', 'Verified' 
225,  'Plumb Pro Plumbing & Heating Corp.', 'plumbpro911@gmail.com', '516-405-5490', 'N/A', 'Verified' 
226,  'LaBoy Photography', 'laboyphotography@gmail.com', 'N/A', 'www.laboyphotography.com', 'Verified' 
227,  'Rachel Dale Photography', 'rdalephotography@gmail.com', 'N/A', 'N/A', 'Verified' 
228,  'June Pearl Photography', 'junepearlphotography@gmail.com', 'N/A', 'www.junepearlphotography.com', 'Verified' 
229,  'Fredericksburg Review', 'sftadvertising@gmail.com', 'N/A', 'N/A', 'Verified' 
230,  'Edd Leigh Air Conditioning, Heating, Plumbing', 'hvac.plumbing.co@gmail.com', 'N/A', 'N/A', 'Verified' 
231,  'HFPhotography', 'hannahfrederick.photo@gmail.com', 'N/A', 'N/A', 'Verified' 
232,  'Target Plumbing & Heating', 'info.targetph@gmail.com', '306-384-3344', 'N/A', 'Verified' 
233,  'Maira Oakar Photography', 'mairaoakarphotography@gmail.com', 'N/A', 'N/A', 'Verified' 
234,  'Ascets Builder Corporation', 'corporation@gmail.com', 'N/A', 'N/A', 'NOT VERIFIED' 
235,  'Dublin Heating, Air Conditioning & Electrical', 'dublinhvac@gmail.com', 'N/A', 'www.dublinheatandair.com', 'Verified' 
236,  'Little Rach Tattoo', 'littlerachtattoo@gmail.com', 'N/A', 'N/A', 'Verified' 
237,  'True Aire Aircon & Electrical Supply', 'trueairecebu.sales01@gmail.com', 'N/A', 'N/A', 'Verified' 
238,  'Speranza Development', 'speranzadevelopment@gmail.com', 'N/A', 'N/A', 'Verified' 
239,  'Abontika HVAC Engineering', 'abontikahvac@gmail.com', 'N/A', 'N/A', 'Verified' 
240,  'Ramirez HVAC Service', 'ramirezhvac559@gmail.com', '559-736-5985', 'N/A', 'Verified' 
241,  'Norfolk Dash Cam', 'nextbasecamclips@gmail.com', 'N/A', 'N/A', 'Verified' 
242,  'Norfolk Dash Cam', 'nextbasecamclips@gmail.com', 'N/A', 'N/A', 'Verified' 
243,  'True Aire Aircon & Electrical Supply', 'trueairecebu.sales01@gmail.com', 'N/A', 'N/A', 'Verified' 
244,  'Hatco HVAC', 'hatcohvac@gmail.com', '416-528-8967', 'N/A', 'Verified' 
245,  'AD Trades Mechanical INC', 'adtradesmechanical@gmail.com', 'N/A', 'N/A', 'Verified' 
246,  'SANY Heavy Equipment', 'josephvenancio.zwmphil@gmail.com', '0915 715 2643', 'N/A', 'Verified' 
247,  'Dynamic Dance Arts', 'dynamicdancearts@gmail.com', 'N/A', 'N/A', 'Verified' 
248,  'Philippines HVAC Technician', 'jobs.vikings@gmail.com', 'N/A', 'N/A', 'Verified' 
249,  'Hatco HVAC', 'hatcohvac@gmail.com', '416-528-8967', 'N/A', 'Verified' 
250,  'Everything Wedding', 'artistrybyalliebridal@gmail.com', 'N/A', 'N/A', 'Verified' 
251,  'At Last Events NJ', 'atlasteventsnj@gmail.com', 'N/A', 'N/A', 'Verified' 
252,  'USSCIHR', 'usscihr@gmail.com', 'N/A', 'N/A', 'Verified' 
253,  'Lakeside East County Group', 'jesusvaz71@gmail.com', 'N/A', 'N/A', 'Verified' 
